{"cameraMode":{"drawMode":0,"name":"Shaded","section":"Shading Mode"},"sceneLighting":true,"audioPlay":false,"sceneViewState":{"showFog":true,"showMaterialUpdate":false,"showSkybox":true,"showFlares":true,"showImageEffects":true,"showParticleSystems":true},"in2DMode":false,"pivot":{"x":8.341796875,"y":2.258483409881592,"z":25.955455780029298},"rotation":{"x":0.09467865526676178,"y":-0.4964020550251007,"z":0.05457429960370064,"w":0.8611867427825928},"size":6.340236186981201,"orthographic":true}